<?xml version="1.0" encoding="utf-8"?>

<!--
(c) SCSC 2015-2016 autogenerated by moredump.py as part of 'drun prep'.
  Changes made to this file may cause incorrect behaviour and will be lost if it is regenerated.

  XML file defining registers for mb_cp2wlbt subsystem moredump
  Chip hash: f568


-->

<subsystem xmlns:xsi="http://www.w3.org/2001/XMLSchema-instance" xsi:schemaLocation="http://www.samsung.com Registers.xsd"
  name="mb_cp2wlbt">
  <block name="mailbox" comment="">
    <register addr="a0000000" rw_flags="RW" width="4" name="MCUCTRL" comment="MCU_Controller_Register"/>
    <register addr="a0000008" rw_flags="RW" width="4" name="INTGR0" comment="Interrupt_Generation_Register_0"/>
    <register addr="a000000c" rw_flags="RW" width="4" name="INTCR0" comment="Interrupt_Clear_Register_0"/>
    <register addr="a0000010" rw_flags="RW" width="4" name="INTMR0" comment="Interrupt_MASK_Register_0"/>
    <register addr="a0000014" rw_flags="RW" width="4" name="INTSR0" comment="Interrupt_Status_Register_0"/>
    <register addr="a0000018" rw_flags="RW" width="4" name="INTMSR0" comment="Interrupt_MASK_Status_Register_0"/>
    <register addr="a000001c" rw_flags="RW" width="4" name="INTGR1" comment="Interrupt_Generation_Register_1"/>
    <register addr="a0000020" rw_flags="RW" width="4" name="INTCR1" comment="Interrupt_Clear_Register_1"/>
    <register addr="a0000024" rw_flags="RW" width="4" name="INTMR1" comment="Interrupt_MASK_Register_1"/>
    <register addr="a0000028" rw_flags="RW" width="4" name="INTSR1" comment="Interrupt_Status_Register_1"/>
    <register addr="a000002c" rw_flags="RW" width="4" name="INTMSR1" comment="Interrupt_MASK_Status_Register_1"/>
    <register addr="a0000050" rw_flags="R" width="4" name="IS_VERSION" comment="Version_information_register"/>
    <register addr="a0000080" rw_flags="RW" width="4" name="ISSR0" comment="IS_Shared_Register_0"/>
    <register addr="a0000084" rw_flags="RW" width="4" name="ISSR1" comment="IS_Shared_Register_1"/>
    <register addr="a0000088" rw_flags="RW" width="4" name="ISSR2" comment="IS_Shared_Register_2"/>
    <register addr="a000008c" rw_flags="RW" width="4" name="ISSR3" comment="IS_Shared_Register_3"/>
  </block>
</subsystem>
